{"class": "ESMRoboter", "centerPoint": [0.515625, 0.49166666666666664], "3dBoundingBox": [0.453125, 0.48125, 0.63125, 0.325, 0.6234375, 0.4895833333333333, 0.45625, 0.6520833333333333, 0.3375, 0.39166666666666666, 0.51875, 0.25416666666666665, 0.5171875, 0.40625, 0.346875, 0.5541666666666667], "2dBoundingBox": [0.2520833333333333, 0.334375, 0.65, 0.63125]}